整租·马南里 2室1厅 南/北,,5400
整租·双龙南里 2室1厅 西南,精选,6430
整租·国子郡 2室1厅 南/北,,4725
N/A,23.00-29.04㎡,3900-4150
整租·远洋五里春秋 3室1厅 南/北,,4725
N/A,17.00-19.00㎡,3065
整租·东海仪园 2室1厅 南/北,,5300
N/A,,2400-2693
整租·玉泉路65号院 2室1厅 南,,6500
N/A,,4150-4250
整租·政馨园一区 1室1厅 北,,5200
N/A,,4850-4950
整租·临河悦园4号院 3室1厅 南/北,,3300
N/A,34.00-39.00㎡,3400-4350
整租·金通阳光苑 1室1厅 南,,4200
整租·展览路 1室1厅 南/北,,6400
整租·中建国望府 3室1厅 东/西,,4300
N/A,20.57-21.00㎡,4850
整租·五里店北里一区 1室1厅 南/北,,4500
整租·安贞西里 2室1厅 南/北,,8000
整租·花椒树社区 2室1厅 东南,,5600
N/A,24.30-28.60㎡,4100-4200
整租·DBC加州小镇C区 2室1厅 南/北,,4200
N/A,,6000-6550
整租·华远西山雅园 1室1厅 南,,2500
N/A,23.60㎡,3800-5000
整租·建外soho东区 2室1厅 西北,,33000
N/A,,2774-3005
整租·槐柏树后街 3室1厅 复式 南/北,,17000
N/A,,3200
整租·京汉旭城 2室1厅 南/北,,6195
整租·友谊嘉园二期 1室1厅 西,精选,5930
整租·华威北里 1室1厅 南,,5250
整租·双龙南里 2室1厅 西南,精选,6430
整租·北京人家 3室2厅 复式 南/北,,5775
整租·房山超级蜂巢 1室1厅 北,精选,3030
整租·百子湾家园二区 2室1厅 南,,7300
整租·首开国风美唐综合楼 2房间 东,精选,5890
整租·迎晖北苑 1室1厅 南,,2919
整租·国祥胡同4号院 1室1厅 南,精选,6760
整租·京汉旭城 2室1厅 东南,,6150
整租·东惠家园 2室1厅 南,精选,5560
整租·西山锦绣府 3室1厅 南/北,,7875
整租·京投银泰琨御府 2房间 南,精选,7330
整租·春泽北院 2室1厅 南/北,,3045
整租·北京人家 2室1厅 南/北,,4500
整租·禾香雅园 3室1厅 南/北,,4000
整租·燕保百安家园二号院 2室1厅 南,精选,7930
整租·燕保祈东家园 1室1厅 南/北,,4500
整租·东亚创展国际 2房间 东,,3800
整租·瑞辰国际中心 1室1厅 西,,27500
整租·瑞海家园三区 2室1厅 南,精选,6030
整租·旭辉丽舍 1房间 南,,3600
整租·民安小区东扬威街 1室1厅 南,精选,9790
整租·中建红杉溪谷 5室2厅 南/北,,25000
整租·首开畅颐园 1室1厅 西,精选,5660
整租·金泉时代 2室1厅 南,,14000
整租·东洲家园 2室1厅 东,精选,6930
整租·波普公社 2房间 北,,4000
整租·北沙滩1号院 2室1厅 南,精选,7930
整租·东亚创展国际 1房间 西,,3100
整租·北沙滩1号院 2室1厅 南,精选,7930
整租·北京苏活二区 3房间 复式 南/北,,3500
整租·文晟家园 1室1厅 南,精选,5730
整租·蒲黄榆路 3室1厅 南,,7000
整租·首开畅颐园 1室1厅 西,精选,5660
整租·东亚奥北中心北区 3房间 东,,6900
整租·东洲家园 2室1厅 东,精选,6930
整租·金泰先锋南区 1室0厅 东,,7000
整租·模式口西里 2室1厅 东,精选,4430
整租·建材城东二里 2室1厅 南/北,,5700
整租·裕中东里 1室2厅 南,精选,7460
整租·旭辉奥都 3房间 西/西北/北,,6300
整租·建欣苑三里 2室1厅 南,精选,6060
整租·东方雅苑 1室0厅 北,,6000
整租·润枫欣尚 1房间 西,,6000
整租·朝青知筑 3室2厅 南/北,,16500
整租·万达广场公寓西区 1室1厅 北,精选,14000
整租·东亚创展国际 2房间 东,,3800
整租·瑞辰国际中心 1室1厅 西,,27500
整租·金泉时代 2室1厅 南,,14000
整租·彩虹嘉园 2室1厅 南,精选,6160
整租·波普公社 2房间 北,,4000
N/A,,3800-4000
整租·旭辉丽舍 1房间 南,,3600
N/A,,2880-3186
整租·慧谷金色家园 3室2厅 南/北,,13500
整租·京旺家园 2室1厅 南,精选,6900
整租·瑞悦府 3室1厅 南/北,,7600
整租·民旺园 2室1厅 东/西,精选,5999
整租·翡翠公园二期 3室2厅 南/北,,8600
N/A,,3182
整租·明天第一城5号院 2室1厅 南/北,,7100
N/A,,3120-3230
整租·明天第一城6号院 2房间 南/北,,5500
整租·京旺家园 2室1厅 南,精选,6900
整租·健翔国际公寓 1室0厅 西,,5300
整租·民旺园 2室1厅 东/西,精选,5999
整租·东海仪园 3室1厅 南/北,,7500
整租·康营家园十七区 2室1厅 南/北,精选,5200
整租·江山赋 2室2厅 南/北,,8000
整租·旭辉26街区 1室1厅 LOFT 南/北,精选,3100
整租·首创·美澜湾C区 3室1厅 南/北,,4800
整租·永丰里D区 2室1厅 南,精选,4300
整租·泰悦豪庭 1室0厅 西,,6500
整租·信建里小区 2室1厅 南/北,,7600
整租·龙锦苑东五区 3室1厅 南/北,,8600
整租·七燕路1号院 1室1厅 南,精选,5400
整租·魏公村小区 1室1厅 南,,7300
整租·石园北区 2室1厅 南/北,,6500
整租·中建红杉溪谷 5室2厅 南/北,,25000
整租·旭辉26街区 2室1厅 西,精选,4000
整租·富力城A区 3室1厅 南,,17500
整租·智地香蜜湾 2室2厅 东北,精选,5000
整租·和平街十二区 1室1厅 南,,6700
整租·IDCITY艾迪城 2房间 北,精选,5500
整租·建工动力苑 2室1厅 南/北,,8800
整租·芦欣家园 2室1厅 南,精选,5200
整租·新康园 2室1厅 南/西,,7200
整租·旭辉26街区 1室1厅 复式 北,精选,3400
整租·京澜誉府 4室2厅 南/北,,12500
整租·旭辉26街区 1室1厅 LOFT 南/北,精选,3100
整租·富力盛悦居 3室1厅 南/北,,8600
整租·永丰里D区 2室1厅 南,精选,4300
整租·翠林二里 3室1厅 南/北,,7600
整租·旭辉26街区 1室1厅 复式 北,精选,3400
整租·龙冠冠华苑 2室1厅 南/北,,5200
整租·旭辉26街区 2室1厅 西,精选,4000
整租·金隅花石匠二期东区 3室1厅 南/北,,5700
整租·芦欣家园 2室1厅 南,精选,5200
整租·烟树园 1室1厅 北,,7000
整租·分钟寺南街2号院 2室1厅 东/西,精选,6600
整租·朗家胡同13号院 1室1厅 南,,6386
整租·IDCITY艾迪城 2房间 北,精选,5500
整租·柏林爱乐四期 3室1厅 复式 南/北,,12875
整租·营房西街 1室1厅 西,,5500
整租·空港新苑三区10号院 2室1厅 南/北,,1580
整租·旭辉26街区 5房间 南,精选,5000
整租·牛街西里 1室1厅 南,,7000
整租·旭日嘉园 1室1厅 北,,6180
整租·北纬40度一期 1室1厅 东,,7900
整租·智地香蜜湾 2室2厅 东北,精选,5000
整租·世华龙樾一期西区 3室1厅 南/北,,9000
整租·七燕路1号院 1室1厅 南,精选,5400
整租·高家园二路1号院 2室1厅 南,,3500
整租·兆丰馨园东区 2室1厅 南,,6900
整租·老年医院家属楼 2室1厅 南/北,,4500
整租·广安康璟家园 1室1厅 南,,4200
整租·龙锦苑东五区 2室1厅 南/北,,6000
整租·衙府安园 1室0厅 南,,3800
